Race,Value
black,7906.229332
white,19328.70231
americanIndian,2626.491372
hispanic,7774.273877
total,42491.27266